Município,Ano de Referência,Coletado,Recicláveis,Papel e Papelão,Plástico,Metais,Vidros,Outros
Adamantina,2022,10723.00,269.00,89.00,73.50,0.00,106.50,0.00
Adolfo,2022,1170.00,9.00,3.00,4.00,1.00,1.00,0.00
Aguaí,2022,7159.00,,,,,,
Águas da Prata,2022,1182.00,113.00,34.00,21.00,3.00,55.00,0.00
Águas de Lindóia,2022,5797.10,5.00,1.00,1.00,1.00,1.00,1.00
Águas de Santa Bárbara,2022,1546.80,,,,,,
Águas de São Pedro,2022,2999.50,65.50,23.00,16.00,15.00,4.00,7.50
Agudos,2022,13450.00,940.00,90.00,360.00,360.00,90.00,40.00
Alambari,2022,1000.00,,,,,,
Alfredo Marcondes,2022,1692.00,134.00,33.60,26.90,33.60,26.90,13.00
Altinópolis,2022,5990.60,227.70,96.80,64.20,31.30,33.40,2.00
Alto Alegre,2022,532.00,40.40,10.30,6.60,3.70,0.40,19.40
Alumínio,2022,5596.50,980.00,,,,,
Álvares Florence,2022,595.30,18.00,,,,,
Álvares Machado,2022,6941.40,241.50,89.80,72.40,29.20,5.80,44.30
Álvaro de Carvalho,2022,756.00,20.00,14.00,2.00,2.00,2.00,0.00
Alvinlândia,2022,116.50,0.10,,,,,
Americana,2022,81113.10,876.10,227.60,492.00,107.00,37.00,12.50
Américo Brasiliense,2022,7133.00,,,,,,
Américo de Campos,2022,4800.00,190.00,90.00,60.00,40.00,0.00,0.00
Amparo,2022,16182.70,193.40,87.70,43.60,25.50,26.80,9.80
Analândia,2022,1311.00,,,,,,
Andradina,2022,15600.00,511.00,131.00,130.00,150.00,100.00,0.00
Angatuba,2022,3511.00,560.80,144.00,222.40,42.00,144.00,8.40
Anhembi,2022,1700.00,,,,,,
Anhumas,2022,997.30,112.30,52.40,31.30,12.30,15.00,1.30
Aparecida,2022,9966.00,,,,,,
Aparecida D Oeste,2022,547.00,,,,,,
Apiaí,2022,4255.00,504.00,238.60,28.70,28.90,28.90,178.90
Araçariguama,2022,6000.00,,,,,,
Araçatuba,2022,61418.00,401.00,,,,,
Araçoiaba da Serra,2022,10677.10,62.00,,,,,
Aramina,2022,1509.70,,,,,,
Arandu,2022,3600.00,,,,,,
Arapeí,2022,337.00,,,,,,
Araraquara,2022,63718.10,2903.90,1480.30,560.90,155.60,641.70,65.40
Araras,2022,28000.00,219.00,,,,,
Arco-Íris,2022,350.00,,,,,,
Arealva,2022,2330.00,10.00,,,,,
Areias,2022,120.00,,,,,,
Areiópolis,2022,2935.00,72.00,,,,,
Ariranha,2022,1978.00,,,,,,
Artur Nogueira,2022,12982.30,,,,,,
Arujá,2022,30800.00,5.00,1.00,1.00,1.00,1.00,1.00
Aspásia,2022,424.40,,,,,,
Assis,2022,31718.50,1364.50,665.50,193.50,114.00,311.00,80.50
Atibaia,2022,50484.00,2673.00,1476.90,818.80,61.00,127.00,189.30
Avaí,2022,889.00,,,,,,
Avanhandava,2022,1500.00,1.00,,,,,
Avaré,2022,35000.00,,,,,,
Bady Bassitt,2022,8350.00,1800.00,,,,,
Balbinos,2022,579.00,,,,,,
Bálsamo,2022,2100.00,105.00,55.00,23.00,14.00,10.00,3.00
Bananal,2022,380.00,,,,,,
Barão de Antonina,2022,1120.00,234.00,96.00,84.00,18.00,36.00,0.00
Barbosa,2022,2100.00,,,,,,
Bariri,2022,9000.00,140.00,28.00,28.00,28.00,28.00,28.00
Barra Bonita,2022,6180.00,324.00,166.00,18.00,20.00,80.00,40.00
Barra do Chapéu,2022,1800.00,10.80,1.00,0.50,5.00,4.00,0.30
Barra do Turvo,2022,1080.50,80.20,30.00,20.00,10.00,10.00,10.20
Barretos,2022,38019.80,402.70,229.70,43.40,55.60,71.70,2.30
Barrinha,2022,7500.00,,,,,,
Barueri,2022,101080.00,2724.00,1524.00,228.00,216.00,600.00,156.00
Bastos,2022,4565.80,20.80,2.00,3.00,1.00,0.80,14.00
Batatais,2022,14040.00,,,,,,
Bauru,2022,98608.70,27.00,,,,,
Bebedouro,2022,18462.00,2.00,,,,,
Bento de Abreu,2022,693.20,,,,,,
Bernardino de Campos,2022,2308.00,,,,,,
Bertioga,2022,38737.70,766.10,,,,,
Bilac,2022,2130.00,200.00,,,,,
Birigui,2022,34308.00,,,,,,
Biritiba-Mirim,2022,6429.00,69.40,16.80,14.00,12.10,16.40,10.10
Boa Esperança do Sul,2022,1100.00,,,,,,
Bocaina,2022,2190.00,,,,,,
Bofete,2022,3600.00,,,,,,
Boituva,2022,18373.00,952.00,510.00,230.00,180.00,32.00,0.00
Bom Jesus dos Perdões,2022,6808.60,,,,,,
Bom Sucesso de Itararé,2022,240.00,,,,,,
Borá,2022,183.30,10.00,,,,,
Boracéia,2022,850.00,,,,,,
Borborema,2022,3585.00,97.00,45.00,31.00,1.00,20.00,0.00
Borebi,2022,700.00,158.80,49.80,47.20,25.00,10.80,26.00
Botucatu,2022,38135.40,447.00,300.00,75.00,40.00,2.00,30.00
Bragança Paulista,2022,61784.60,518.00,230.00,133.00,31.00,124.00,0.00
Braúna,2022,1366.00,77.00,32.10,28.00,2.90,14.00,0.00
Brejo Alegre,2022,450.00,,,,,,
Brodowski,2022,6738.00,,,,,,
Brotas,2022,7970.00,332.00,192.50,70.00,52.50,17.00,0.00
Buri,2022,10000.00,,,,,,
Buritama,2022,13260.00,2000.00,,,,,
Buritizal,2022,955.00,,,,,,
Cabrália Paulista,2022,865.80,,,,,,
Cabreúva,2022,14435.50,210.00,85.00,15.00,19.00,26.80,64.20
Caçapava,2022,18830.00,167.00,75.00,32.00,18.00,41.00,1.00
Cachoeira Paulista,2022,6568.40,,,,,,
Caconde,2022,4882.10,,,,,,
Cafelândia,2022,4620.00,,,,,,
Caiabu,2022,563.00,,,,,,
Caieiras,2022,62278.40,19.00,6.00,7.00,4.00,2.00,0.00
Caiuá,2022,972.00,94.00,35.00,25.00,18.00,10.00,6.00
Cajamar,2022,25265.00,,,,,,
Cajati,2022,12300.90,244.00,130.50,60.80,28.00,24.70,0.00
Cajobi,2022,3000.00,,,,,,
Cajuru,2022,4544.00,,,,,,
Campina do Monte Alegre,2022,1396.00,50.40,,,,,
Campinas,2022,390008.70,2357.00,1249.10,471.40,259.30,329.90,47.30
Campo Limpo Paulista,2022,24863.00,280.00,,,,,
Campos do Jordão,2022,21243.00,2480.00,500.00,150.00,650.00,800.00,380.00
Campos Novos Paulista,2022,1056.00,,,,,,
Cananéia,2022,11866.90,28.90,5.20,1.90,4.20,17.60,0.00
Canas,2022,830.70,,,,,,
Cândido Mota,2022,7500.00,1200.00,200.00,280.00,160.00,400.00,160.00
Cândido Rodrigues,2022,796.00,28.00,15.00,8.00,3.00,1.00,1.00
Capão Bonito,2022,7382.00,1029.10,583.00,247.00,3.00,103.00,93.10
Capela do Alto,2022,5362.90,240.00,,,,,
Capivari,2022,11775.10,,,,,,
Caraguatatuba,2022,88861.90,779.10,298.20,140.70,10.50,264.60,65.10
Carapicuíba,2022,125653.00,,,,,,
Cardoso,2022,2640.00,,,,,,
Casa Branca,2022,7022.10,55.10,18.00,11.10,0.60,21.00,4.40
Cássia dos Coqueiros,2022,1200.00,,,,,,
Castilho,2022,4417.00,47.00,15.00,20.00,10.00,1.00,1.00
Catanduva,2022,37706.40,654.00,224.00,56.00,12.00,362.00,0.00
Catiguá,2022,1486.50,4.40,1.10,1.10,1.10,0.00,1.10
Cedral,2022,8910.00,,,,,,
Cerqueira César,2022,8320.00,103.00,,,,,
Cerquilho,2022,12071.30,1110.30,405.00,330.90,56.50,241.00,76.90
Cesário Lange,2022,4192.80,,,,,,
Charqueada,2022,3700.00,500.00,,,,,
Clementina,2022,2156.00,102.00,,,,,
Colina,2022,6200.00,248.80,100.00,62.00,53.00,21.60,12.20
Colômbia,2022,1216.30,10.00,,,,,
Conchal,2022,9519.00,,,,,,
Conchas,2022,3265.60,230.30,123.60,52.00,47.00,0.00,7.70
Cordeirópolis,2022,17262.80,499.50,70.20,282.20,34.40,37.70,75.00
Coroados,2022,1600.00,,,,,,
Coronel Macedo,2022,592.00,78.00,29.00,24.00,15.00,6.40,3.60
Corumbataí,2022,900.00,70.00,30.00,20.00,12.00,5.00,3.00
Cosmópolis,2022,14315.00,,,,,,
Cosmorama,2022,1466.70,78.90,49.00,11.60,8.30,5.00,5.00
Cotia,2022,209984.90,2343.00,1188.50,511.50,1.00,642.00,0.00
Cravinhos,2022,9200.00,,,,,,
Cristais Paulista,2022,2300.00,,,,,,
Cruzália,2022,416.00,70.00,,,,,
Cruzeiro,2022,16248.70,13.30,7.70,5.40,0.00,0.00,0.20
Cubatão,2022,37469.90,196.70,82.20,59.90,22.20,32.40,0.00
Cunha,2022,3850.00,67.60,24.00,18.00,0.60,25.00,0.00
Descalvado,2022,9723.60,,,,,,
Diadema,2022,106473.00,269.00,,,,,
Dirce Reis,2022,645.90,,,,,,
Divinolândia,2022,2460.00,130.00,,,,,
Dobrada,2022,3100.00,,,,,,
Dois Córregos,2022,6410.00,179.00,88.80,27.60,22.70,39.90,0.00
Dolcinópolis,2022,624.00,,,,,,
Dourado,2022,5616.00,,,,,,
Dracena,2022,16092.00,322.00,100.00,12.00,80.00,30.00,100.00
Duartina,2022,3136.00,,,,,,
Dumont,2022,2356.00,,,,,,
Echaporã,2022,1309.00,41.00,,,,,
Eldorado,2022,3818.40,76.00,,,,,
Elias Fausto,2022,4624.60,,,,,,
Elisiário,2022,918.00,,,,,,
Embu das Artes,2022,141252.20,388.70,196.00,58.40,100.00,26.80,7.50
Embu-Guaçu,2022,18317.00,,,,,,
Emilianópolis,2022,220.00,68.50,37.00,15.00,2.00,8.50,6.00
Engenheiro Coelho,2022,4441.80,,,,,,
Espírito Santo do Pinhal,2022,9186.10,72.00,12.00,25.00,31.10,3.90,0.00
Espírito Santo do Turvo,2022,900.00,53.00,22.00,15.00,10.00,1.00,5.00
Estrela D Oeste,2022,1656.00,,,,,,
Estrela do Norte,2022,393.00,26.00,9.40,7.70,5.90,3.00,0.00
Fartura,2022,3182.00,413.90,162.20,135.50,40.60,73.60,2.00
Fernandópolis,2022,20479.60,410.60,319.40,82.00,7.90,1.30,0.00
Fernando Prestes,2022,448.00,,,,,,
Fernão,2022,292.90,11.00,6.00,2.00,2.00,0.50,0.50
Ferraz de Vasconcelos,2022,62429.60,,,,,,
Flora Rica,2022,360.00,,,,,,
Floreal,2022,437.00,22.00,9.00,5.00,4.00,0.00,4.00
Flórida Paulista,2022,4477.50,29.00,13.00,4.00,5.00,1.00,6.00
Florínia,2022,680.00,130.00,,,,,
Franca,2022,149513.60,999.00,495.40,187.60,33.20,282.80,0.00
Francisco Morato,2022,47765.00,,,,,,
Franco da Rocha,2022,34250.00,,,,,,
Gabriel Monteiro,2022,775.00,100.00,,,,,
Gália,2022,1580.00,180.00,,,,,
Garça,2022,11520.00,82.10,35.60,18.20,6.60,21.70,0.00
Gastão Vidigal,2022,1145.00,84.00,60.20,4.40,1.10,12.30,6.00
Gavião Peixoto,2022,2500.00,50.00,20.00,10.00,7.00,10.00,3.00
General Salgado,2022,3050.00,,,,,,
Getulina,2022,1249.00,4.50,1.00,1.50,1.00,0.00,1.00
Glicério,2022,662.00,,,,,,
Guaiçara,2022,2280.00,,,,,,
Guaimbê,2022,985.80,10.00,,,,,
Guaíra,2022,10472.90,,,,,,
Guapiaçu,2022,5926.00,156.00,25.00,18.00,40.00,18.00,55.00
Guapiara,2022,1400.00,44.00,11.00,10.00,12.00,3.00,8.00
Guará,2022,3976.00,95.00,50.00,20.00,15.00,5.00,5.00
Guaraçaí,2022,360.00,1.50,0.30,0.40,0.20,0.10,0.50
Guaraci,2022,4055.00,,,,,,
Guarani D Oeste,2022,900.00,40.00,18.00,15.00,1.00,5.00,1.00
Guarantã,2022,1400.00,,,,,,
Guararapes,2022,8066.00,562.80,212.70,203.10,34.00,82.00,31.00
Guararema,2022,13204.70,592.00,259.00,103.70,78.00,126.90,24.40
Guaratinguetá,2022,26678.80,420.10,283.00,50.70,30.70,55.70,0.00
Guareí,2022,2380.00,662.00,294.00,140.00,105.00,63.00,60.00
Guariba,2022,20204.00,228.00,,,,,
Guarujá,2022,162530.60,2428.50,638.70,1100.10,471.10,218.60,0.00
Guarulhos,2022,356595.80,3564.00,1608.70,1014.10,293.90,647.30,0.00
Guatapará,2022,1493.00,,,,,,
Guzolândia,2022,930.00,184.00,58.00,36.00,75.00,10.00,5.00
Herculândia,2022,2477.60,128.00,,,,,
Holambra,2022,4837.20,261.00,,,,,
Hortolândia,2022,57298.00,606.30,303.00,87.80,87.20,63.00,65.30
Iacanga,2022,2744.10,74.20,33.50,10.20,11.60,15.10,3.80
Iacri,2022,1250.00,,,,,,
Iaras,2022,815.00,20.00,8.00,3.50,1.00,4.00,3.50
Ibaté,2022,13604.00,127.00,58.00,19.00,22.00,18.00,10.00
Ibirá,2022,1424.80,122.00,41.00,30.00,20.00,20.00,15.00
Ibirarema,2022,5287.60,,,,,,
Ibitinga,2022,15966.40,,,,,,
Ibiúna,2022,25000.00,,,,,,
Icém,2022,1560.00,,,,,,
Iepê,2022,2000.00,,,,,,
Igaraçu do Tietê,2022,8619.50,,,,,,
Igarapava,2022,7820.00,,,,,,
Igaratá,2022,4200.00,,,,,,
Iguape,2022,15748.90,,,,,,
Ilhabela,2022,35781.80,1287.40,918.10,138.60,76.20,154.50,0.00
Ilha Solteira,2022,7775.20,515.40,201.40,132.60,33.10,141.50,6.80
Indaiatuba,2022,83753.40,1029.90,415.70,181.20,80.20,329.30,23.50
Indiana,2022,2000.00,,,,,,
Indiaporã,2022,1250.00,250.00,50.00,50.00,100.00,25.00,25.00
Inúbia Paulista,2022,961.00,104.00,42.00,23.00,6.00,26.00,7.00
Ipaussu,2022,1538.50,28.00,13.00,10.00,4.00,1.00,0.00
Iperó,2022,12779.70,50.10,34.50,15.60,0.00,0.00,0.00
Ipeúna,2022,2278.00,,,,,,
Ipiguá,2022,1327.40,,,,,,
Iporanga,2022,300.00,42.50,10.00,10.00,7.50,7.50,7.50
Ipuã,2022,6021.00,44.80,,,,,
Iracemápolis,2022,5342.00,,,,,,
Irapuã,2022,2612.00,,,,,,
Irapuru,2022,1791.00,126.00,,,,,
Itaberá,2022,10200.00,1000.00,300.00,150.00,350.00,100.00,100.00
Itaí,2022,5833.00,240.00,,,,,
Itajobi,2022,3780.00,,,,,,
Itaju,2022,620.00,,,,,,
Itanhaém,2022,43847.00,166.90,91.90,40.60,14.50,19.90,0.00
Itaóca,2022,591.00,48.80,18.20,14.80,10.00,2.80,3.00
Itapecerica da Serra,2022,54976.80,251.00,122.50,87.50,12.50,22.50,6.00
Itapetininga,2022,33997.00,551.00,,,,,
Itapeva,2022,20000.00,,,,,,
Itapevi,2022,61107.90,2224.40,902.70,371.70,134.90,258.60,556.50
Itapira,2022,22980.00,429.00,240.00,60.00,48.00,76.00,5.00
Itapirapuã Paulista,2022,698.00,,,,,,
Itápolis,2022,12656.40,,,,,,
Itaporanga,2022,3327.00,930.00,480.00,192.00,84.00,84.00,90.00
Itapuí,2022,3610.00,18.00,2.50,4.50,2.50,5.50,3.00
Itapura,2022,1580.00,,,,,,
Itaquaquecetuba,2022,115760.70,,,,,,
Itararé,2022,7530.00,300.00,,,,,
Itariri,2022,4527.60,,,,,,
Itatiba,2022,32619.70,1338.90,650.30,347.80,81.50,259.00,0.30
Itatinga,2022,4010.00,50.00,,,,,
Itirapina,2022,7028.00,247.00,,,,,
Itirapuã,2022,1157.00,98.00,10.00,16.00,10.00,22.00,40.00
Itobi,2022,1822.00,,,,,,
Itu,2022,55203.10,2380.70,1276.20,385.90,270.60,408.00,40.00
Itupeva,2022,20285.90,829.50,485.00,150.50,26.00,156.00,12.00
Ituverava,2022,16960.00,588.00,30.00,89.00,254.00,71.00,144.00
Jaborandi,2022,2390.00,120.00,12.00,25.00,32.00,8.00,43.00
Jaboticabal,2022,17809.00,128.00,80.00,30.00,3.00,10.00,5.00
Jacareí,2022,82821.40,1599.30,,,,,
Jaci,2022,2395.00,,,,,,
Jacupiranga,2022,2160.00,,,,,,
Jaguariúna,2022,19005.60,633.80,266.20,136.30,38.00,182.50,10.80
Jales,2022,18673.00,685.70,486.90,75.80,81.00,42.00,0.00
Jambeiro,2022,2778.20,12.80,4.50,1.50,3.00,1.80,2.00
Jandira,2022,30998.20,,,,,,
Jardinópolis,2022,11068.70,,,,,,
Jarinu,2022,18250.00,,,,,,
Jaú,2022,36000.00,,,,,,
Jeriquara,2022,696.00,,,,,,
Joanópolis,2022,4926.10,180.00,125.00,24.00,1.00,30.00,0.00
João Ramalho,2022,639.10,,,,,,
José Bonifácio,2022,12000.00,3000.00,3000.00,0.00,0.00,0.00,0.00
Júlio Mesquita,2022,2599.50,,,,,,
Jumirim,2022,667.00,,,,,,
Jundiaí,2022,133620.30,2035.10,1052.40,351.50,97.00,431.30,102.90
Junqueirópolis,2022,5378.00,800.00,,,,,
Juquiá,2022,2880.00,,,,,,
Juquitiba,2022,6315.00,315.00,160.00,32.00,110.00,1.00,12.00
Lagoinha,2022,947.00,,,,,,
Laranjal Paulista,2022,10318.40,55.00,,,,,
Lavínia,2022,1492.00,11.80,6.40,2.90,0.70,1.80,0.00
Lavrinhas,2022,1700.00,,,,,,
Leme,2022,23380.00,850.00,,,,,
Lençóis Paulista,2022,19140.00,1440.00,432.00,303.00,245.00,110.00,350.00
Limeira,2022,71622.90,927.00,743.00,121.00,30.00,27.00,6.00
Lindóia,2022,1597.60,,,,,,
Lins,2022,51287.60,692.70,68.30,31.50,453.40,139.50,0.00
Lorena,2022,16932.20,,,,,,
Lourdes,2022,413.00,30.00,7.00,10.00,13.00,0.00,0.00
Louveira,2022,21147.70,1584.10,586.10,570.30,253.40,152.10,22.20
Lucélia,2022,5200.00,120.00,,,,,
Lucianópolis,2022,470.00,14.00,7.00,3.00,2.00,2.00,0.00
Luís Antônio,2022,5535.00,120.00,40.00,22.00,10.00,30.00,18.00
Luiziânia,2022,408.00,,,,,,
Lupércio,2022,728.20,,,,,,
Lutécia,2022,803.50,56.00,18.00,5.00,5.00,20.00,8.00
Macatuba,2022,3420.00,270.00,,,,,
Macaubal,2022,1910.00,,,,,,
Macedônia,2022,1040.00,,,,,,
Magda,2022,780.00,130.00,50.00,50.00,15.00,10.00,5.00
Mairinque,2022,14400.00,,,,,,
Mairiporã,2022,31535.00,296.00,165.00,42.00,1.00,65.00,23.00
Manduri,2022,2353.80,286.20,34.60,39.70,174.10,2.30,35.50
Marabá Paulista,2022,192.00,5.60,1.00,2.00,2.10,0.50,0.00
Maracaí,2022,3875.00,200.00,0.00,0.00,0.00,0.00,200.00
Marapoama,2022,841.00,,,,,,
Mariápolis,2022,1015.90,,,,,,
Marília,2022,59243.50,,,,,,
Marinópolis,2022,430.00,,,,,,
Martinópolis,2022,6118.00,515.10,241.20,119.00,7.90,96.00,51.00
Matão,2022,24183.80,772.00,392.80,193.90,93.00,68.30,24.00
Mauá,2022,138266.30,486.00,295.60,105.60,40.80,35.90,8.10
Mendonça,2022,1640.00,,,,,,
Meridiano,2022,976.90,6.70,1.20,0.60,0.40,0.50,4.00
Mesópolis,2022,168.00,20.00,,,,,
Miguelópolis,2022,10800.00,,,,,,
Miracatu,2022,5441.00,,,,,,
Mira Estrela,2022,1005.00,17.50,6.00,8.00,2.00,1.00,0.50
Mirandópolis,2022,6380.50,211.40,113.10,39.10,26.70,32.50,0.00
Mirante do Paranapanema,2022,3880.00,75.00,30.00,10.00,0.00,8.00,27.00
Mirassol,2022,16836.50,5196.00,3325.00,1559.00,155.00,105.00,52.00
Mirassolândia,2022,1650.00,44.50,8.00,5.00,29.00,2.00,0.50
Mococa,2022,15605.90,,,,,,
Mogi das Cruzes,2022,122673.20,503.80,118.80,104.10,19.40,252.00,9.50
Mogi Guaçu,2022,37681.30,535.30,202.20,144.50,55.10,112.90,20.60
Mogi Mirim,2022,21486.30,169.00,78.00,39.00,19.00,33.00,0.00
Mombuca,2022,1600.00,,,,,,
Monções,2022,1505.00,195.00,38.00,64.00,84.00,6.00,3.00
Mongaguá,2022,25382.00,800.00,,,,,
Monte Alegre do Sul,2022,1746.00,,,,,,
Monte Alto,2022,17030.00,437.00,145.00,92.00,90.00,92.00,18.00
Monte Aprazível,2022,7110.00,80.00,15.00,15.00,30.00,10.00,10.00
Monte Azul Paulista,2022,4226.40,,,,,,
Monteiro Lobato,2022,825.80,,,,,,
Monte Mor,2022,15227.60,,,,,,
Morro Agudo,2022,7221.80,77.80,27.00,19.50,15.00,8.00,8.30
Morungaba,2022,3685.60,334.00,154.00,48.00,27.00,67.00,38.00
Motuca,2022,2400.00,2.00,,,,,
Murutinga do Sul,2022,1454.00,20.40,9.00,2.00,8.00,0.60,0.80
Nantes,2022,1100.00,6.00,,,,,
Narandiba,2022,948.00,90.00,,,,,
Natividade da Serra,2022,2500.00,,,,,,
Nazaré Paulista,2022,6225.10,,,,,,
Neves Paulista,2022,5300.00,,,,,,
Nhandeara,2022,3014.00,,,,,,
Nipoã,2022,2150.00,,,,,,
Nova Aliança,2022,1556.20,39.00,4.30,9.00,10.90,11.70,3.10
Nova Campina,2022,374.40,,,,,,
Nova Canaã Paulista,2022,362.00,4.00,,,,,
Nova Europa,2022,2017.80,,,,,,
Nova Granada,2022,4350.00,,,,,,
Nova Guataporanga,2022,629.00,28.80,15.00,8.30,2.90,1.00,1.60
Nova Independência,2022,1240.00,,,,,,
Novais,2022,1322.80,,,,,,
Nova Luzitânia,2022,727.10,91.00,20.00,20.00,30.00,20.00,1.00
Nova Odessa,2022,17202.70,352.10,234.00,78.20,23.00,15.60,1.30
Novo Horizonte,2022,8884.00,119.00,29.00,18.00,29.00,24.00,19.00
Nuporanga,2022,1900.70,,,,,,
Ocauçu,2022,856.00,40.80,6.00,9.50,15.00,2.00,8.30
Óleo,2022,466.00,36.00,10.80,7.90,1.80,8.30,7.20
Olímpia,2022,50604.00,7.00,1.00,0.00,5.00,0.00,1.00
Onda Verde,2022,2998.00,36.00,10.00,5.00,15.00,6.00,0.00
Oriente,2022,1650.00,5.00,,,,,
Orindiúva,2022,4032.00,307.00,105.00,98.00,62.00,42.00,0.00
Orlândia,2022,13874.50,1348.00,672.00,280.00,110.00,236.00,50.00
Osasco,2022,272512.00,1730.10,679.20,612.80,10.00,428.00,0.10
Oscar Bressane,2022,731.00,,,,,,
Osvaldo Cruz,2022,8564.70,206.00,11.00,17.00,16.00,71.00,91.00
Ourinhos,2022,28604.70,2486.40,,,,,
Ouroeste,2022,2564.50,227.00,96.00,36.00,60.00,18.00,17.00
Ouro Verde,2022,2627.30,39.50,21.30,3.00,2.60,10.60,2.00
Pacaembu,2022,2610.00,64.00,22.00,25.00,7.00,6.00,4.00
Palestina,2022,2704.80,,,,,,
Palmares Paulista,2022,3869.40,16.50,3.00,5.00,4.00,1.50,3.00
Palmeira D Oeste,2022,2150.00,,,,,,
Palmital,2022,4659.80,165.00,35.00,35.00,35.00,35.00,25.00
Panorama,2022,3102.00,140.00,,,,,
Paraguaçu Paulista,2022,8950.00,320.00,77.00,45.00,96.00,57.00,45.00
Paraibuna,2022,3299.60,,,,,,
Paraíso,2022,1650.00,60.00,15.00,20.00,10.00,15.00,0.00
Paranapanema,2022,9715.00,253.00,,,,,
Paranapuã,2022,3488.00,,,,,,
Parapuã,2022,2118.00,6.50,3.00,1.00,1.00,1.00,0.50
Pardinho,2022,2453.40,182.40,39.60,46.80,14.40,21.60,60.00
Pariquera-Açu,2022,3394.50,,,,,,
Parisi,2022,1735.50,,,,,,
Patrocínio Paulista,2022,4078.00,557.00,216.00,196.00,35.00,69.00,41.00
Paulicéia,2022,2060.00,20.00,,,,,
Paulínia,2022,30950.90,1178.10,667.20,306.60,46.70,157.60,0.00
Paulistânia,2022,794.60,139.40,,,,,
Paulo de Faria,2022,4992.00,,,,,,
Pederneiras,2022,7738.00,,,,,,
Pedra Bela,2022,1214.00,60.00,0.00,0.00,0.00,0.00,60.00
Pedranópolis,2022,374.90,,,,,,
Pedreira,2022,11311.00,852.00,430.00,218.00,98.00,94.00,12.00
Pedrinhas Paulista,2022,882.30,140.00,30.00,30.00,30.00,30.00,20.00
Pedro de Toledo,2022,530.00,,,,,,
Penápolis,2022,16746.10,1355.20,394.20,294.40,92.70,299.60,274.30
Pereira Barreto,2022,3500.30,215.00,50.00,50.00,80.00,25.00,10.00
Pereiras,2022,1677.00,,,,,,
Peruíbe,2022,31544.00,27.70,11.60,5.80,2.70,7.40,0.20
Piacatu,2022,1600.00,52.00,52.00,0.00,0.00,0.00,0.00
Piedade,2022,13784.30,30.00,8.00,10.00,5.00,2.00,5.00
Pilar do Sul,2022,5870.00,250.00,,,,,
Pindamonhangaba,2022,41151.00,75.40,16.60,6.00,2.10,5.60,45.10
Pindorama,2022,3510.00,,,,,,
Pinhalzinho,2022,3968.00,105.00,10.00,35.00,50.00,5.00,5.00
Piquerobi,2022,528.00,61.00,20.00,14.00,2.00,7.00,18.00
Piquete,2022,1928.70,,,,,,
Piracaia,2022,7758.40,230.00,103.00,67.00,18.00,42.00,0.00
Piracicaba,2022,185205.60,6120.10,641.40,772.70,389.70,296.30,4020.00
Piraju,2022,7283.20,585.80,307.30,138.70,32.60,102.30,4.90
Pirajuí,2022,4266.30,181.00,87.00,31.00,37.00,13.00,13.00
Pirangi,2022,4327.50,,,,,,
Pirapozinho,2022,11640.60,643.50,397.00,102.00,81.00,42.00,21.50
Pirassununga,2022,13680.00,,,,,,
Piratininga,2022,3482.30,205.80,,,,,
Pitangueiras,2022,15940.00,,,,,,
Planalto,2022,1325.00,,,,,,
Platina,2022,722.00,65.00,30.00,11.00,6.00,10.00,8.00
Poá,2022,31254.00,378.00,,,,,
Poloni,2022,1186.00,75.00,,,,,
Pompéia,2022,5898.20,450.00,296.00,67.00,50.50,36.50,0.00
Pongaí,2022,906.00,175.00,59.00,58.00,37.50,9.50,11.00
Pontal,2022,12780.00,52.70,13.00,14.00,6.70,13.00,6.00
Pontalinda,2022,1305.00,30.00,,,,,
Pontes Gestal,2022,252.00,8.00,0.00,8.00,0.00,0.00,0.00
Populina,2022,800.00,,,,,,
Porangaba,2022,2654.00,39.00,12.00,9.00,4.00,9.00,5.00
Porto Feliz,2022,15884.10,419.70,169.70,170.00,44.00,36.00,0.00
Porto Ferreira,2022,15832.00,,,,,,
Potim,2022,3565.00,89.00,,,,,
Potirendaba,2022,6000.00,,,,,,
Pracinha,2022,412.00,,,,,,
Pradópolis,2022,4700.00,,,,,,
Praia Grande,2022,151883.20,2005.60,950.50,440.90,316.70,232.80,64.70
Pratânia,2022,1600.00,49.00,10.00,30.00,4.00,4.00,1.00
Presidente Alves,2022,602.00,14.00,2.00,3.00,7.00,1.00,1.00
Presidente Bernardes,2022,2730.00,270.00,,,,,
Presidente Epitácio,2022,12857.50,1319.30,360.60,261.50,201.80,320.70,174.70
Presidente Prudente,2022,104300.00,5220.00,,,,,
Presidente Venceslau,2022,10335.00,235.00,100.00,40.00,60.00,25.00,10.00
Promissão,2022,6553.30,300.00,75.90,12.90,147.30,60.30,3.60
Quadra,2022,1050.00,126.00,35.00,39.00,43.00,1.00,8.00
Quatá,2022,6000.00,,,,,,
Queluz,2022,1660.00,,,,,,
Quintana,2022,3724.00,235.00,152.00,24.00,31.00,4.00,24.00
Rafard,2022,3400.00,,,,,,
Rancharia,2022,6004.00,111.00,111.00,0.00,0.00,0.00,0.00
Redenção da Serra,2022,1060.40,,,,,,
Regente Feijó,2022,6602.00,115.00,45.00,40.00,0.00,20.00,10.00
Reginópolis,2022,1600.00,,,,,,
Registro,2022,14321.00,415.00,159.00,99.00,82.00,75.00,0.00
Restinga,2022,810.00,55.00,,,,,
Ribeira,2022,430.00,,,,,,
Ribeirão Bonito,2022,1200.00,,,,,,
Ribeirão Branco,2022,2987.60,,,,,,
Ribeirão Corrente,2022,1451.10,,,,,,
Ribeirão do Sul,2022,1152.00,49.00,,,,,
Ribeirão Grande,2022,970.00,180.00,40.00,29.00,35.00,40.00,36.00
Ribeirão Pires,2022,34742.20,308.00,145.50,42.40,27.80,76.60,15.70
Ribeirão Preto,2022,242063.70,1208.20,,,,,
Riversul,2022,580.00,90.00,32.00,35.00,11.00,4.00,8.00
Rifaina,2022,2448.00,19.00,5.00,3.00,8.00,1.00,2.00
Rincão,2022,1934.00,11.00,,,,,
Rinópolis,2022,4379.80,1118.00,1118.00,0.00,0.00,0.00,0.00
Rio Claro,2022,71690.10,1440.00,466.00,400.00,191.00,383.00,0.00
Rio das Pedras,2022,7834.00,,,,,,
Rio Grande da Serra,2022,8137.00,,,,,,
Riolândia,2022,1241.00,9.50,5.00,3.00,1.00,0.50,0.00
Rosana,2022,7200.00,1200.00,,,,,
Roseira,2022,1680.00,,,,,,
Rubiácea,2022,384.00,,,,,,
Rubinéia,2022,800.00,,,,,,
Sabino,2022,1224.80,54.70,31.20,11.50,5.30,6.70,0.00
Sagres,2022,360.00,1.00,0.00,0.00,0.00,0.00,1.00
Sales,2022,2980.00,,,,,,
Sales Oliveira,2022,5152.20,,,,,,
Salesópolis,2022,2979.50,372.30,188.40,97.00,33.70,49.70,3.50
Salmourão,2022,1137.00,120.00,,,,,
Saltinho,2022,2379.00,94.00,,,,,
Salto,2022,42619.50,2346.40,359.00,259.00,159.00,142.00,1427.40
Salto de Pirapora,2022,11513.00,163.00,88.00,40.00,18.00,15.00,2.00
Salto Grande,2022,724.00,5.00,1.00,1.00,1.00,1.00,1.00
Sandovalina,2022,487.00,4.40,2.30,1.30,0.00,0.00,0.80
Santa Adélia,2022,3279.10,100.00,,,,,
Santa Albertina,2022,1440.00,8.00,2.00,2.00,2.00,2.00,0.00
Santa Bárbara D Oeste,2022,58000.00,283.00,110.00,110.00,1.00,44.00,18.00
Santa Branca,2022,3747.00,,,,,,
Santa Clara D Oeste,2022,800.00,11.40,2.00,2.00,5.00,1.20,1.20
Santa Cruz da Conceição,2022,1650.00,,,,,,
Santa Cruz da Esperança,2022,700.00,,,,,,
Santa Cruz das Palmeiras,2022,8069.50,64.00,20.70,16.10,3.40,4.10,19.70
Santa Cruz do Rio Pardo,2022,13297.50,5.80,0.80,3.00,0.10,0.70,1.20
Santa Ernestina,2022,1750.00,,,,,,
Santa Fé do Sul,2022,10296.00,567.00,80.00,182.00,102.00,91.00,112.00
Santa Gertrudes,2022,7520.90,82.00,,,,,
Santa Isabel,2022,17830.10,504.90,,,,,
Santa Lúcia,2022,771.00,,,,,,
Santa Maria da Serra,2022,1783.00,29.00,7.00,9.00,8.00,4.00,1.00
Santa Mercedes,2022,601.00,18.00,10.00,5.00,2.00,0.00,1.00
Santana da Ponte Pensa,2022,300.00,9.50,4.00,4.00,0.50,0.00,1.00
Santana de Parnaíba,2022,80180.00,3052.00,1530.00,520.00,115.00,757.00,130.00
Santa Rita D Oeste,2022,1251.10,30.00,,,,,
Santa Rita do Passa Quatro,2022,7508.10,150.00,20.00,50.00,80.00,0.00,0.00
Santa Rosa de Viterbo,2022,4718.40,,,,,,
Santa Salete,2022,356.00,2.00,0.50,0.50,1.00,0.00,0.00
Santo Anastácio,2022,2872.30,192.00,82.80,55.50,21.70,32.00,0.00
Santo André,2022,227350.00,3741.00,1584.00,768.00,376.00,836.00,177.00
Santo Antônio da Alegria,2022,1000.00,25.00,5.00,5.00,5.00,5.00,5.00
Santo Antônio de Posse,2022,5658.00,453.00,220.00,65.00,80.00,78.00,10.00
Santo Antônio do Aracanguá,2022,2376.00,,,,,,
Santo Antônio do Pinhal,2022,1798.10,200.00,100.00,60.00,30.00,8.00,2.00
Santo Expedito,2022,921.20,92.70,36.20,16.20,21.50,18.80,0.00
Santópolis do Aguapeí,2022,1440.00,,,,,,
Santos,2022,206607.80,17710.00,10485.00,2180.00,4073.00,972.00,0.00
São Bento do Sapucaí,2022,3000.00,275.00,100.00,29.00,50.00,66.00,30.00
São Bernardo do Campo,2022,273517.40,5430.30,,,,,
São Caetano do Sul,2022,57667.60,1156.40,521.60,196.80,106.80,328.00,3.20
São Carlos,2022,68174.00,347.80,157.20,58.30,78.50,51.30,2.50
São Francisco,2022,365.00,,,,,,
São João da Boa Vista,2022,23209.30,284.80,142.30,61.30,53.40,17.80,10.00
São João das Duas Pontes,2022,570.00,,,,,,
São João do Pau d Alho,2022,950.00,38.00,,,,,
São Joaquim da Barra,2022,13900.00,380.00,70.00,70.00,80.00,80.00,80.00
São José da Bela Vista,2022,800.00,,,,,,
São José do Barreiro,2022,695.00,,,,,,
São José do Rio Pardo,2022,14400.00,,,,,,
São José do Rio Preto,2022,179017.20,19609.30,10456.20,1446.10,2900.00,3742.00,1065.00
São José dos Campos,2022,184447.90,10799.00,2203.00,1014.00,351.00,693.00,6538.00
São Lourenço da Serra,2022,5350.00,,,,,,
São Luís do Paraitinga,2022,1796.20,5.00,1.00,1.00,1.00,1.00,1.00
São Manuel,2022,8804.00,666.00,327.00,171.00,47.00,99.00,22.00
São Miguel Arcanjo,2022,4200.00,120.00,10.00,25.00,40.00,25.00,20.00
São Paulo,2022,4119170.20,31683.70,19950.60,5989.80,1598.00,4099.30,46.00
São Pedro,2022,10361.00,120.00,36.00,42.00,11.00,31.00,0.00
São Pedro do Turvo,2022,2400.00,220.00,100.00,60.00,20.00,20.00,20.00
São Roque,2022,22085.70,590.00,210.00,195.00,85.00,100.00,0.00
São Sebastião,2022,58943.90,5272.30,,,,,
São Sebastião da Grama,2022,3937.00,,,,,,
São Simão,2022,3700.00,,,,,,
São Vicente,2022,86716.00,1164.00,375.00,199.00,283.00,125.00,182.00
Sarapuí,2022,1610.00,41.30,15.00,9.60,3.90,7.80,5.00
Sarutaiá,2022,774.50,72.00,,,,,
Sebastianópolis do Sul,2022,800.00,80.00,10.00,30.00,20.00,10.00,10.00
Serra Azul,2022,2505.60,,,,,,
Serrana,2022,30000.00,,,,,,
Serra Negra,2022,7540.20,,,,,,
Sertãozinho,2022,34948.00,706.00,228.00,364.00,52.40,61.60,0.00
Sete Barras,2022,4308.30,37.00,,,,,
Severínia,2022,4630.00,,,,,,
Silveiras,2022,1080.00,,,,,,
Socorro,2022,9490.00,840.00,360.00,204.00,84.00,192.00,0.00
Sorocaba,2022,236624.70,4203.60,1751.70,1162.20,9.00,797.00,483.70
Sud Mennucci,2022,1239.00,,,,,,
Sumaré,2022,67680.00,,,,,,
Suzano,2022,86104.10,238.10,140.90,17.30,31.60,45.70,2.60
Suzanápolis,2022,1245.50,45.00,10.00,10.00,10.00,5.00,10.00
Tabapuã,2022,2500.00,,,,,,
Tabatinga,2022,3600.00,107.00,21.00,27.00,49.00,2.00,8.00
Taboão da Serra,2022,82643.70,421.50,234.80,128.00,8.90,45.20,4.60
Taciba,2022,1219.00,193.00,39.00,42.00,31.00,45.00,36.00
Taguaí,2022,4081.10,490.00,197.60,170.00,76.60,45.80,0.00
Taiaçu,2022,1087.20,,,,,,
Taiúva,2022,444.00,170.00,,,,,
Tambaú,2022,6150.00,,,,,,
Tanabi,2022,11281.00,147.60,,,,,
Tapiraí,2022,837.60,68.10,22.10,23.60,22.20,0.20,0.00
Tapiratiba,2022,3709.20,31.80,,,,,
Taquaral,2022,620.00,,,,,,
Taquaritinga,2022,12500.00,,,,,,
Taquarituba,2022,6900.00,800.00,20.00,100.00,100.00,100.00,480.00
Taquarivaí,2022,1500.00,,,,,,
Tarabai,2022,3079.90,76.60,,,,,
Tarumã,2022,3171.00,407.00,172.00,108.00,1.00,0.00,126.00
Tatuí,2022,29654.00,151.60,40.50,13.00,10.80,2.30,85.00
Taubaté,2022,101081.90,1319.70,,,,,
Tejupá,2022,1075.00,15.00,,,,,
Teodoro Sampaio,2022,13140.00,26.00,10.00,4.00,4.00,4.00,4.00
Terra Roxa,2022,1982.00,29.00,2.00,5.00,20.00,2.00,0.00
Tietê,2022,11317.60,87.90,39.70,29.20,5.80,13.20,0.00
Timburi,2022,647.00,15.00,5.00,6.00,2.00,2.00,0.00
Torre de Pedra,2022,505.00,4.00,,,,,
Torrinha,2022,2702.00,,,,,,
Trabiju,2022,545.00,,,,,,
Tremembé,2022,16360.00,,,,,,
Três Fronteiras,2022,2503.00,,,,,,
Tuiuti,2022,1370.00,,,,,,
Tupã,2022,21834.70,518.20,241.30,101.00,10.90,164.00,1.00
Tupi Paulista,2022,4920.00,227.00,82.00,50.00,20.00,60.00,15.00
Turiúba,2022,730.00,,,,,,
Turmalina,2022,302.90,,,,,,
Ubarana,2022,2519.00,,,,,,
Ubatuba,2022,50804.00,360.00,95.00,70.00,25.00,170.00,0.00
Ubirajara,2022,1675.20,287.90,99.40,124.60,15.60,9.00,39.30
Uchoa,2022,2150.00,,,,,,
União Paulista,2022,445.00,,,,,,
Urânia,2022,1519.00,,,,,,
Uru,2022,260.00,20.00,9.00,7.00,3.00,0.50,0.50
Urupês,2022,4369.00,,,,,,
Valentim Gentil,2022,5458.40,244.20,170.60,46.40,17.80,6.90,2.50
Valinhos,2022,40460.20,781.60,453.10,134.50,63.70,130.30,0.00
Valparaíso,2022,5415.00,28.00,11.00,7.00,5.00,3.00,2.00
Vargem Grande do Sul,2022,12840.00,84.30,17.50,25.10,31.50,10.20,0.00
Vargem Grande Paulista,2022,14283.10,,,,,,
Várzea Paulista,2022,27798.00,157.40,54.10,29.30,29.50,44.50,0.00
Vera Cruz,2022,2354.70,185.00,,,,,
Vinhedo,2022,35672.10,1475.00,743.00,260.00,86.00,386.00,0.00
Viradouro,2022,4210.00,2.50,1.00,0.50,1.00,0.00,0.00
Vista Alegre do Alto,2022,5830.00,,,,,,
Vitória Brasil,2022,514.00,48.00,4.00,4.00,40.00,0.00,0.00
Votorantim,2022,44875.00,1800.00,,,,,
Votuporanga,2022,29521.00,180.00,50.00,35.00,29.00,65.00,1.00
Zacarias,2022,750.00,,,,,,
Chavantes,2022,2400.00,,,,,,
Estiva Gerbi,2022,2295.80,,,,,,